date,open,high,low,close,volume
2020-01-01,100.0,100.0692,99.8026,99.8471,1210595.0
2020-01-02,99.8471,100.4451,99.5816,99.7142,1080201.0
2020-01-03,99.7142,99.7604,99.3821,99.4745,1349068.0
2020-01-06,99.4745,100.3226,99.1807,100.2782,1304399.0
2020-01-07,100.2782,101.1223,100.2615,100.5947,1031897.0
2020-01-08,100.5947,101.8455,100.4691,101.2568,1147109.0
2020-01-09,101.2568,102.4368,101.1042,102.3383,1074464.0
2020-01-10,102.3383,103.7796,102.1057,103.3195,1454356.0
2020-01-13,103.3195,103.5703,99.7252,100.0919,1262804.0
2020-01-14,100.0919,101.4018,99.7526,100.9097,1300661.0
2020-01-15,100.9097,101.0284,100.7793,100.8255,1245591.0
2020-01-16,100.8255,101.7603,100.5634,101.6181,1143548.0
2020-01-17,101.6181,101.9097,100.6842,100.8738,1149798.0
2020-01-20,100.8738,101.8163,100.2616,100.5912,1329662.0
2020-01-21,100.5912,102.1165,100.3878,101.539,1250745.0
2020-01-22,101.539,103.3361,100.961,103.2973,1159623.0
2020-01-23,103.2973,105.1025,103.2834,104.4991,1075971.0
2020-01-24,104.4991,104.8016,103.8823,104.1242,1696423.0
2020-01-27,104.1242,105.1755,103.8903,104.9197,1249474.0
2020-01-28,104.9197,106.3803,104.8902,106.1396,1224791.0
2020-01-29,106.1396,106.2643,104.4643,105.2394,1324744.0
2020-01-30,105.2394,105.4144,104.0444,104.5435,1005540.0
2020-01-31,104.5435,104.9627,104.0899,104.8923,1268007.0
2020-02-03,104.8923,105.6834,104.5132,105.2578,1114314.0
2020-02-04,105.2578,106.8413,104.4354,106.8285,1107663.0
2020-02-05,106.8285,108.9423,106.6079,108.8921,1338534.0
2020-02-06,108.8921,109.5121,108.3615,108.7165,1206665.0
2020-02-07,108.7165,109.0257,105.4039,105.6387,1164978.0
2020-02-10,105.6387,105.6397,104.141,104.8645,1316530.0
2020-02-11,104.8645,105.4358,104.161,104.3472,1109275.0
2020-02-12,104.3472,105.0093,104.2554,104.4905,1362885.0
2020-02-13,104.4905,105.6227,103.5361,105.6213,1084252.0
2020-02-14,105.6213,107.9331,105.5697,107.3734,1096944.0
2020-02-17,107.3734,110.3814,106.9479,109.6442,1177406.0
2020-02-18,109.6442,112.0021,109.6214,111.6839,1156495.0
2020-02-19,111.6839,111.7712,109.949,110.0334,1606080.0
2020-02-20,110.0334,110.1744,108.5629,109.2486,1118639.0
2020-02-21,109.2486,109.9741,108.6158,109.6128,1013244.0
2020-02-24,109.6128,109.8135,107.9415,108.1651,1147498.0
2020-02-25,108.1651,108.6555,107.2401,107.2778,1209947.0
2020-02-26,107.2778,109.2049,107.1549,108.9394,1645839.0
2020-02-27,108.9394,109.4092,108.8906,109.2798,1444831.0
2020-02-28,109.2798,109.6847,108.7571,109.4573,1153858.0
2020-03-02,109.4573,109.5884,107.1129,107.2114,1182403.0
2020-03-03,107.2114,108.6169,106.7847,108.3535,1155466.0
2020-03-04,108.3535,108.9963,107.9243,108.1202,1013564.0
2020-03-05,108.1202,108.3464,106.9656,107.1749,1173261.0
2020-03-06,107.1749,108.1485,106.8694,107.7112,1114267.0
2020-03-09,107.7112,108.7128,106.9088,107.7363,1208585.0
2020-03-10,107.7363,107.7795,106.5453,107.3619,1002572.0
2020-03-11,107.3619,110.4655,107.2114,110.2705,1147254.0
2020-03-12,110.2705,110.2981,109.255,109.3786,1060747.0
2020-03-13,109.3786,110.2547,106.5663,106.6375,1522872.0
2020-03-16,106.6375,106.7623,104.0362,105.3701,1260919.0
2020-03-17,105.3701,105.6005,103.3049,103.5005,1208002.0
2020-03-18,103.5005,105.2319,102.8371,105.1238,1130509.0
2020-03-19,105.1238,106.9081,104.3009,106.7094,1010515.0
2020-03-20,106.7094,109.4442,106.4696,108.5211,1092791.0
2020-03-23,108.5211,108.8871,106.9077,106.9277,1150959.0
2020-03-24,106.9277,107.8996,106.435,107.6936,1233335.0
2020-03-25,107.6936,107.9707,105.2375,106.2199,1099983.0
2020-03-26,106.2199,107.4649,106.1896,106.8146,1300385.0
2020-03-27,106.8146,107.1326,106.0377,106.3245,1458201.0
2020-03-30,106.3245,107.8241,104.9082,107.6143,1009702.0
2020-03-31,107.6143,108.5704,107.5188,108.4369,1694851.0
2020-04-01,108.4369,111.0372,108.2635,110.4191,1128501.0
2020-04-02,110.4191,112.0802,109.4229,111.4789,1571910.0
2020-04-03,111.4789,111.5249,111.2522,111.4061,1230902.0
2020-04-06,111.4061,112.3076,109.6471,109.7917,1111016.0
2020-04-07,109.7917,111.4734,109.7079,111.1219,1404778.0
2020-04-08,111.1219,111.4157,110.7313,110.9623,1175443.0
2020-04-09,110.9623,111.0317,107.9927,108.1007,1108680.0
2020-04-10,108.1007,108.2615,106.4602,107.1963,1011477.0
2020-04-13,107.1963,107.4499,106.5351,106.5648,1379430.0
2020-04-14,106.5648,106.5909,105.6406,106.4259,1283042.0
2020-04-15,106.4259,108.0751,106.1407,107.7678,1341815.0
2020-04-16,107.7678,108.374,107.4374,108.1928,1599814.0
2020-04-17,108.1928,109.7802,107.9535,108.951,1122224.0
2020-04-20,108.951,109.1776,108.7808,108.9746,1611745.0
2020-04-21,108.9746,109.3114,106.9223,107.4817,1570946.0
2020-04-22,107.4817,110.7319,107.1509,109.8289,1574887.0
2020-04-23,109.8289,112.091,109.3275,111.9775,1602970.0
2020-04-24,111.9775,113.719,111.846,112.8652,1219342.0
2020-04-27,112.8652,113.2488,112.2451,113.0385,1426986.0
2020-04-28,113.0385,114.3152,112.6646,113.4917,1063195.0
2020-04-29,113.4917,114.1034,113.1975,113.7895,1029115.0
2020-04-30,113.7895,114.5915,112.1672,112.5235,1050132.0
2020-05-01,112.5235,112.8766,111.1364,111.6863,1043943.0
2020-05-04,111.6863,112.4073,111.411,112.3244,1034794.0
2020-05-05,112.3244,113.4596,111.9517,113.3765,1201715.0
2020-05-06,113.3765,113.7664,112.8147,113.2405,1222221.0
2020-05-07,113.2405,113.6327,111.9045,111.9254,1471030.0
2020-05-08,111.9254,115.0203,111.2323,115.0091,1114436.0
2020-05-11,115.0091,115.6939,114.813,114.9281,1086084.0
2020-05-12,114.9281,115.2814,113.9706,114.3175,1536005.0
2020-05-13,114.3175,114.697,113.9511,114.1214,1286303.0
2020-05-14,114.1214,114.3413,112.8769,113.2065,1224735.0
2020-05-15,113.2065,115.3841,112.6936,115.1306,1237856.0
2020-05-18,115.1306,115.6815,114.2288,114.6058,1000629.0
2020-05-19,114.6058,114.8633,112.7053,112.9902,1277165.0
2020-05-20,112.9902,113.1016,111.1827,112.134,1108229.0
2020-05-21,112.134,112.6532,111.6689,112.3905,1183432.0
2020-05-22,112.3905,112.6917,111.285,111.5953,1454822.0
2020-05-25,111.5953,111.8769,111.1411,111.1722,1063338.0
2020-05-26,111.1722,111.7484,111.0707,111.2435,1094498.0
2020-05-27,111.2435,111.5647,109.4177,109.6493,1435243.0
2020-05-28,109.6493,109.6609,108.6622,108.6877,1026283.0
2020-05-29,108.6877,109.4687,108.3291,108.723,1195962.0
2020-06-01,108.723,111.2115,108.5843,110.2197,1010843.0
2020-06-02,110.2197,111.1112,109.4564,110.2547,1145730.0
2020-06-03,110.2547,111.3932,107.4551,108.3307,1414531.0
2020-06-04,108.3307,110.1233,108.2322,109.7421,1349054.0
2020-06-05,109.7421,111.056,109.1637,110.5686,1297932.0
2020-06-08,110.5686,110.6229,109.5651,109.5759,1427407.0
2020-06-09,109.5759,110.2864,109.3303,109.7562,1171835.0
2020-06-10,109.7562,110.903,109.7038,110.7331,1260882.0
2020-06-11,110.7331,110.7934,109.9734,110.0529,1458454.0
2020-06-12,110.0529,110.2074,109.4849,109.9448,1205816.0
2020-06-15,109.9448,110.096,108.3609,109.1915,1312956.0
2020-06-16,109.1915,109.531,107.0131,107.4681,1400341.0
2020-06-17,107.4681,107.5,106.9582,107.3871,1402880.0
2020-06-18,107.3871,110.2023,106.7647,109.34,1242470.0
2020-06-19,109.34,109.51,107.5964,107.6522,1207555.0
2020-06-22,107.6522,107.6932,107.0517,107.3853,1387708.0
2020-06-23,107.3853,107.5313,106.55,106.7685,1031897.0
2020-06-24,106.7685,106.8379,106.1423,106.5744,1238924.0
2020-06-25,106.5744,108.5096,106.2622,108.4042,1251420.0
2020-06-26,108.4042,109.766,108.3121,109.633,1259202.0
2020-06-29,109.633,110.173,109.6226,109.7455,1566525.0
2020-06-30,109.7455,109.9412,109.2029,109.7597,1045383.0
2020-07-01,109.7597,111.0043,109.3103,111.0041,1423414.0
2020-07-02,111.0041,111.6107,109.4564,109.7346,1062284.0
2020-07-03,109.7346,110.54,109.2763,110.5075,1318058.0
2020-07-06,110.5075,110.6288,109.4401,109.6738,1486394.0
2020-07-07,109.6738,111.1103,109.671,110.5844,1147958.0
2020-07-08,110.5844,113.1052,110.5059,112.0542,1042985.0
2020-07-09,112.0542,112.6779,110.8768,111.309,1078347.0
2020-07-10,111.309,111.4817,110.9876,111.2154,1392460.0
2020-07-13,111.2154,113.5443,110.8604,113.0793,1328301.0
2020-07-14,113.0793,116.8438,112.9943,115.9256,1271266.0
2020-07-15,115.9256,116.1196,114.3244,114.7435,1010263.0
2020-07-16,114.7435,116.9661,113.8229,116.2654,1470013.0
2020-07-17,116.2654,116.9228,114.4328,114.5627,1309343.0
2020-07-20,114.5627,115.7455,114.1185,114.223,1540857.0
2020-07-21,114.223,114.3478,112.0438,112.7154,1191471.0
2020-07-22,112.7154,113.5904,112.3401,112.4332,1111654.0
2020-07-23,112.4332,113.4273,111.8308,113.1981,1090584.0
2020-07-24,113.1981,113.2734,112.8135,112.9832,1153096.0
2020-07-27,112.9832,114.3668,112.4825,113.5773,1521228.0
2020-07-28,113.5773,113.9256,112.1694,113.2691,1046506.0
2020-07-29,113.2691,115.5311,112.5077,115.1545,1036246.0
2020-07-30,115.1545,115.7725,113.6405,114.4516,1030687.0
2020-07-31,114.4516,115.4653,114.3116,115.2852,1239555.0
2020-08-03,115.2852,115.5412,113.4721,113.943,1060982.0
2020-08-04,113.943,114.3513,113.8287,113.9345,1228096.0
2020-08-05,113.9345,114.1823,113.8533,113.9511,1141645.0
2020-08-06,113.9511,114.1237,111.5913,111.7149,1192349.0
2020-08-07,111.7149,111.7861,109.0662,109.595,1053583.0
2020-08-10,109.595,109.7925,109.3841,109.4923,1202391.0
2020-08-11,109.4923,109.6762,109.1496,109.6094,1051131.0
2020-08-12,109.6094,111.3704,109.5355,111.2795,1147451.0
2020-08-13,111.2795,112.7371,110.8743,112.353,1281092.0
2020-08-14,112.353,112.4455,110.8915,110.9493,1089267.0
2020-08-17,110.9493,112.5716,110.7527,112.3861,1272945.0
2020-08-18,112.3861,114.3955,112.145,114.1068,1056364.0
2020-08-19,114.1068,114.2562,112.827,113.0539,1005755.0
2020-08-20,113.0539,113.8604,112.972,113.2444,1207578.0
2020-08-21,113.2444,113.3145,110.9647,111.7949,1209571.0
2020-08-24,111.7949,112.9844,111.3505,112.9602,1283611.0
2020-08-25,112.9602,114.0554,112.6965,112.778,1199330.0
2020-08-26,112.778,113.001,112.2966,112.3784,1105193.0
2020-08-27,112.3784,113.8848,112.0684,113.8764,1138380.0
2020-08-28,113.8764,114.8584,113.7305,114.1478,1315758.0
2020-08-31,114.1478,115.105,112.8298,112.9788,1408397.0
2020-09-01,112.9788,113.8718,110.8312,111.3291,1170524.0
2020-09-02,111.3291,112.1082,109.5213,109.5994,1102351.0
2020-09-03,109.5994,110.5162,109.5957,110.1898,1389328.0
2020-09-04,110.1898,110.4103,109.7915,110.0481,1431238.0
2020-09-07,110.0481,111.7114,109.868,111.5262,1004789.0
2020-09-08,111.5262,113.0467,111.3775,112.9276,1204640.0
2020-09-09,112.9276,116.5028,112.6237,115.8597,1336684.0
2020-09-10,115.8597,121.68,115.6874,121.0994,1209967.0
2020-09-11,121.0994,123.6954,120.4081,123.4878,1080276.0
2020-09-14,123.4878,124.4813,122.8851,124.3229,1217510.0
2020-09-15,124.3229,124.3342,123.4388,123.6961,1220566.0
2020-09-16,123.6961,124.5527,121.949,122.3108,1404667.0
2020-09-17,122.3108,123.456,121.2551,121.494,1349328.0
2020-09-18,121.494,121.6123,119.7353,120.302,1712374.0
2020-09-21,120.302,120.6296,118.2011,118.8955,1032760.0
2020-09-22,118.8955,119.0254,117.3282,117.4985,1262726.0
2020-09-23,117.4985,118.2606,117.4786,117.6019,1202007.0
2020-09-24,117.6019,117.9301,113.8881,114.5444,1176056.0
2020-09-25,114.5444,118.1113,114.2818,117.2397,1140218.0
2020-09-28,117.2397,118.7341,117.0433,118.2321,1042791.0
2020-09-29,118.2321,121.4391,118.0026,121.3869,1035974.0
2020-09-30,121.3869,122.7553,121.2663,122.2556,1349908.0
2020-10-01,122.2556,123.1735,121.5103,121.8719,1027763.0
2020-10-02,121.8719,122.0237,120.025,120.5316,1168506.0
2020-10-05,120.5316,123.3275,120.3918,122.6536,1522829.0
2020-10-06,122.6536,123.2366,118.8363,119.7229,1027024.0
2020-10-07,119.7229,120.1176,117.9911,119.4989,1575343.0
2020-10-08,119.4989,119.5166,118.287,118.7112,1066260.0
2020-10-09,118.7112,118.9017,116.6487,117.0452,1073206.0
2020-10-12,117.0452,118.5609,116.7379,117.8852,1095398.0
2020-10-13,117.8852,118.1155,117.8607,117.9763,1468654.0
2020-10-14,117.9763,118.9601,117.5247,118.5262,1476438.0
2020-10-15,118.5262,120.2688,117.9812,120.2012,1081691.0
2020-10-16,120.2012,120.7223,117.4113,117.7683,1229705.0
2020-10-19,117.7683,117.8528,116.1687,116.251,1303560.0
2020-10-20,116.251,116.4735,114.6194,115.8193,1150799.0
2020-10-21,115.8193,116.4236,114.187,114.7147,1473880.0
2020-10-22,114.7147,117.1104,114.4228,116.3725,1179201.0
2020-10-23,116.3725,117.1432,115.8483,115.9355,1058297.0
2020-10-26,115.9355,118.022,114.5277,117.7448,1493768.0
2020-10-27,117.7448,118.2472,117.1939,117.7377,1246551.0
2020-10-28,117.7377,119.1961,117.3868,118.8266,1608904.0
2020-10-29,118.8266,121.5346,118.7026,121.288,1280055.0
2020-10-30,121.288,122.8827,120.5003,122.4052,1214151.0
2020-11-02,122.4052,122.8912,121.9365,122.7167,1302591.0
2020-11-03,122.7167,124.013,122.3771,122.9286,1261169.0
2020-11-04,122.9286,123.3061,122.0379,122.9249,1031993.0
2020-11-05,122.9249,125.1917,122.6347,124.755,1271265.0
2020-11-06,124.755,125.3029,123.3201,123.6541,1241572.0
2020-11-09,123.6541,124.6328,123.5012,123.6771,1280735.0
2020-11-10,123.6771,123.7154,122.0387,122.6157,1171332.0
2020-11-11,122.6157,123.8888,121.9039,123.8698,1060725.0
2020-11-12,123.8698,124.5024,123.2797,123.6004,1455929.0
2020-11-13,123.6004,125.7632,122.5299,125.5551,1013359.0
2020-11-16,125.5551,126.4314,124.6075,124.9719,1174230.0
2020-11-17,124.9719,125.4988,123.2852,123.6316,1430777.0
2020-11-18,123.6316,124.4261,121.395,122.1264,1467903.0
2020-11-19,122.1264,122.4604,120.7916,121.3871,1143481.0
2020-11-20,121.3871,121.5969,121.1162,121.3414,1477864.0
2020-11-23,121.3414,121.9463,120.0862,121.7148,1196120.0
2020-11-24,121.7148,121.9223,118.3912,118.5682,1202289.0
2020-11-25,118.5682,119.818,118.2951,119.3298,1466083.0
2020-11-26,119.3298,119.5302,118.7239,118.979,1038179.0
2020-11-27,118.979,121.9741,118.7643,121.7722,1827852.0
2020-11-30,121.7722,124.565,121.1994,124.3814,1396271.0
2020-12-01,124.3814,126.3051,123.6675,126.2504,1125693.0
2020-12-02,126.2504,126.8416,124.8112,125.3342,1639778.0
2020-12-03,125.3342,126.4442,124.306,126.2123,1097552.0
2020-12-04,126.2123,126.6344,123.0881,123.12,1106669.0
2020-12-07,123.12,125.5703,122.9575,124.5937,1290958.0
2020-12-08,124.5937,127.8719,124.3992,126.927,1329282.0
2020-12-09,126.927,130.1805,126.5596,129.5596,1248339.0
2020-12-10,129.5596,130.3096,127.8528,128.3574,1104120.0
2020-12-11,128.3574,128.6546,128.1381,128.3398,1069825.0
2020-12-14,128.3398,128.3749,126.6669,126.7917,1023207.0
2020-12-15,126.7917,127.1906,124.7442,125.6856,1180373.0
2020-12-16,125.6856,128.0264,124.3517,127.5726,1228358.0
2020-12-17,127.5726,127.9715,126.5293,126.6247,1142319.0
2020-12-18,126.6247,128.0758,126.2466,127.6169,1366867.0
2020-12-21,127.6169,127.6777,127.2944,127.3817,1218192.0
2020-12-22,127.3817,129.2653,126.5937,128.7928,1213392.0
2020-12-23,128.7928,129.4526,128.4787,129.1053,1195544.0
2020-12-24,129.1053,132.0301,128.0844,131.1287,1010568.0
2020-12-25,131.1287,131.8845,131.1274,131.6652,1185787.0
2020-12-28,131.6652,131.7673,130.5748,131.5001,1049415.0
2020-12-29,131.5001,132.0965,131.421,131.6321,1087487.0
2020-12-30,131.6321,132.2747,131.5417,131.558,1341065.0
2020-12-31,131.558,132.5395,131.0756,131.9161,1224770.0
2021-01-01,131.9161,132.4394,131.6964,132.3864,1589500.0
2021-01-04,132.3864,132.4652,130.49,130.6704,1023819.0
2021-01-05,130.6704,130.7402,128.887,129.1213,1320579.0
2021-01-06,129.1213,129.7666,128.5033,129.6577,1199660.0
2021-01-07,129.6577,130.995,129.2193,130.8267,1280688.0
2021-01-08,130.8267,132.3333,127.9882,128.5432,1062950.0
2021-01-11,128.5432,128.6878,127.714,128.013,1560503.0
2021-01-12,128.013,128.7251,126.4411,126.5053,1205260.0
2021-01-13,126.5053,126.6145,125.1948,125.4874,1279628.0
2021-01-14,125.4874,125.6004,124.2687,124.9309,1197062.0
2021-01-15,124.9309,125.1352,124.1843,124.3485,1052033.0
2021-01-18,124.3485,124.89,123.6789,124.6978,1280287.0
2021-01-19,124.6978,126.0369,124.1495,125.4448,1199158.0
2021-01-20,125.4448,125.6696,124.6524,125.101,1353122.0
2021-01-21,125.101,126.1389,124.8632,125.1314,1775556.0
2021-01-22,125.1314,125.4063,123.7249,124.0277,1097576.0
2021-01-25,124.0277,124.3223,122.7239,123.4659,1364471.0
2021-01-26,123.4659,124.0852,121.009,121.7989,1244384.0
2021-01-27,121.7989,125.1637,121.5189,124.0525,1376048.0
2021-01-28,124.0525,124.1419,123.022,123.8629,1243181.0
2021-01-29,123.8629,124.1736,123.6604,123.7851,1246620.0
2021-02-01,123.7851,123.8314,123.2844,123.7219,1282916.0
2021-02-02,123.7219,123.8817,122.9976,123.0799,1055584.0
2021-02-03,123.0799,123.4224,122.6857,123.0794,1132219.0
2021-02-04,123.0794,123.6531,121.381,121.4866,1382962.0
2021-02-05,121.4866,122.005,121.1162,121.9235,1347655.0
2021-02-08,121.9235,122.2686,121.1175,121.4118,1294327.0
2021-02-09,121.4118,121.5499,120.3412,120.3485,1147407.0
2021-02-10,120.3485,120.516,119.067,119.3064,1312047.0
2021-02-11,119.3064,119.4326,118.6033,119.1131,1248153.0
2021-02-12,119.1131,120.3659,119.0507,120.3462,1158192.0
2021-02-15,120.3462,120.7752,119.5286,120.3256,1024148.0
2021-02-16,120.3256,121.4081,120.1629,120.9854,1338491.0
2021-02-17,120.9854,123.0925,120.1197,122.3249,1261130.0
2021-02-18,122.3249,122.6499,121.468,122.6249,1283868.0
2021-02-19,122.6249,122.9183,120.8155,120.9422,1301941.0
2021-02-22,120.9422,121.2556,120.5485,121.1897,1480916.0
2021-02-23,121.1897,121.8086,119.0101,119.1895,1062245.0
2021-02-24,119.1895,120.1074,118.6968,119.8108,1193663.0
2021-02-25,119.8108,120.0624,118.6237,118.8519,1228429.0
2021-02-26,118.8519,120.2127,118.4237,119.7144,1235306.0
2021-03-01,119.7144,121.094,119.589,120.8443,1549038.0
2021-03-02,120.8443,121.6184,120.6502,121.2915,1158245.0
2021-03-03,121.2915,121.7834,119.181,119.3478,1155280.0
2021-03-04,119.3478,120.1637,119.3253,119.6109,1506546.0
2021-03-05,119.6109,119.9538,115.933,116.5415,1167975.0
2021-03-08,116.5415,117.1983,114.3998,114.5826,1123039.0
2021-03-09,114.5826,116.1651,114.463,115.9566,1227305.0
2021-03-10,115.9566,117.7268,115.7681,117.5335,1305581.0
2021-03-11,117.5335,120.3685,116.701,120.0513,1277980.0
2021-03-12,120.0513,121.8271,119.5166,121.2982,1014845.0
2021-03-15,121.2982,121.5859,118.4799,118.8924,1199547.0
2021-03-16,118.8924,120.3238,118.6577,119.6769,1307032.0
2021-03-17,119.6769,120.1396,118.8608,120.0003,1389041.0
2021-03-18,120.0003,120.6329,118.4693,118.7616,1005277.0
2021-03-19,118.7616,119.317,118.2252,118.807,1135558.0
2021-03-22,118.807,119.966,118.7071,119.5779,1301024.0
2021-03-23,119.5779,120.1265,118.4137,118.5808,1420025.0
2021-03-24,118.5808,119.2704,118.4121,119.185,1220876.0
2021-03-25,119.185,119.8725,118.0614,118.8653,1338484.0
2021-03-26,118.8653,119.4096,117.6698,117.9458,1216074.0
2021-03-29,117.9458,120.266,117.4521,120.1161,1253280.0
2021-03-30,120.1161,121.4464,119.508,121.2878,1371745.0
2021-03-31,121.2878,122.8213,120.9094,122.1502,1432293.0
2021-04-01,122.1502,122.6991,121.1573,121.4672,1249993.0
2021-04-02,121.4672,121.8191,120.4554,120.5975,1188619.0
2021-04-05,120.5975,122.3846,120.559,122.2024,1161446.0
2021-04-06,122.2024,125.1783,121.5271,124.7297,1305689.0
2021-04-07,124.7297,127.239,124.2902,126.3371,1063877.0
2021-04-08,126.3371,126.7112,126.1222,126.4446,1124854.0
2021-04-09,126.4446,128.5097,126.3343,127.7444,1168206.0
2021-04-12,127.7444,127.945,126.1463,126.3124,1197711.0
2021-04-13,126.3124,126.4545,125.1668,125.1718,1327492.0
2021-04-14,125.1718,125.2632,123.7328,123.9336,1314914.0
2021-04-15,123.9336,125.0953,122.5814,124.6843,1282301.0
2021-04-16,124.6843,124.7811,123.0812,123.5271,1248289.0
2021-04-19,123.5271,126.4178,123.4417,126.2221,1155328.0
2021-04-20,126.2221,126.9703,125.7706,126.2473,1271267.0
2021-04-21,126.2473,129.2123,126.0016,128.6145,1197765.0
2021-04-22,128.6145,129.1513,128.3739,128.7416,1094941.0
2021-04-23,128.7416,129.2186,125.2186,125.3146,1323545.0
2021-04-26,125.3146,125.4091,124.5766,125.1349,1116339.0
2021-04-27,125.1349,127.2072,125.0503,125.5924,1050756.0
2021-04-28,125.5924,128.6438,125.0694,128.2309,1429620.0
2021-04-29,128.2309,129.4007,127.8505,129.0777,1406068.0
2021-04-30,129.0777,131.2873,129.0274,130.6615,1009770.0
2021-05-03,130.6615,131.9404,130.326,131.7469,1325826.0
2021-05-04,131.7469,132.3859,131.1652,131.4972,1159065.0
2021-05-05,131.4972,131.6533,130.5497,131.3676,1257378.0
2021-05-06,131.3676,131.4354,130.0743,130.6572,1226950.0
2021-05-07,130.6572,132.6263,130.6425,132.5605,1166814.0
2021-05-10,132.5605,132.8755,130.5712,130.6033,1310883.0
2021-05-11,130.6033,130.7931,130.097,130.2897,1017810.0
2021-05-12,130.2897,130.3908,127.8288,128.4803,1027931.0
2021-05-13,128.4803,128.8482,126.2211,127.1639,1636080.0
2021-05-14,127.1639,127.275,127.0518,127.183,1267835.0
2021-05-17,127.183,127.8946,126.8672,126.9788,1484596.0
2021-05-18,126.9788,127.1116,125.8859,126.7767,1156751.0
2021-05-19,126.7767,128.7942,126.0141,128.0011,1101976.0
2021-05-20,128.0011,128.6899,125.323,126.1283,1200455.0
2021-05-21,126.1283,126.2388,124.6155,124.9363,1054388.0
2021-05-24,124.9363,128.6415,123.4406,128.3305,1087060.0
2021-05-25,128.3305,128.4353,127.215,127.2219,1195343.0
2021-05-26,127.2219,127.9157,125.2909,125.591,1201222.0
2021-05-27,125.591,126.9825,124.9544,126.6404,1316594.0
2021-05-28,126.6404,128.1618,126.0553,127.8509,1057735.0
2021-05-31,127.8509,127.869,123.5034,124.3911,1065145.0
2021-06-01,124.3911,124.5908,123.5897,124.3291,1334719.0
2021-06-02,124.3291,124.4525,122.4595,123.0939,1212726.0
2021-06-03,123.0939,123.7211,121.7511,122.421,1205506.0
2021-06-04,122.421,122.5368,121.876,122.1881,1203873.0
2021-06-07,122.1881,123.3918,121.0093,123.3872,1091278.0
2021-06-08,123.3872,125.6154,122.8077,125.2911,1408187.0
2021-06-09,125.2911,126.4097,123.2996,123.7219,1320686.0
2021-06-10,123.7219,123.9531,122.9381,123.8238,1213560.0
2021-06-11,123.8238,124.1862,122.263,122.8741,1167690.0
2021-06-14,122.8741,123.9554,120.7773,121.3488,1366698.0
2021-06-15,121.3488,121.6157,119.2182,119.7744,1259682.0
2021-06-16,119.7744,120.0352,119.7238,119.8001,1351308.0
2021-06-17,119.8001,120.2013,118.3967,118.4239,1232321.0
2021-06-18,118.4239,118.9497,113.7281,113.9533,1651857.0
2021-06-21,113.9533,113.9661,112.9784,113.2776,1262739.0
2021-06-22,113.2776,114.7821,112.6935,114.4866,1237962.0
2021-06-23,114.4866,115.5241,114.3902,115.1904,1089973.0
2021-06-24,115.1904,115.4447,111.981,112.4028,1380454.0
2021-06-25,112.4028,114.4373,112.2575,114.1504,1344299.0
2021-06-28,114.1504,115.0493,113.6316,114.8368,1406221.0
2021-06-29,114.8368,116.6846,114.2735,116.5871,1397130.0
2021-06-30,116.5871,116.7917,114.4475,114.7859,1133067.0
2021-07-01,114.7859,117.0051,114.0099,117.0032,1082578.0
2021-07-02,117.0032,117.4355,116.3422,117.271,1074284.0
2021-07-05,117.271,117.4899,114.7446,115.2738,1509968.0
2021-07-06,115.2738,116.3198,114.7761,115.6705,1710774.0
2021-07-07,115.6705,116.0883,112.6933,112.9119,1052704.0
2021-07-08,112.9119,113.6228,112.5989,113.3997,1423297.0
2021-07-09,113.3997,114.2881,110.9041,111.586,1355841.0
2021-07-12,111.586,112.2349,111.3668,111.601,1048723.0
2021-07-13,111.601,112.1222,110.8145,111.0845,1002948.0
2021-07-14,111.0845,111.9197,110.6995,111.8268,1402465.0
2021-07-15,111.8268,112.3546,109.0561,109.8118,1218063.0
2021-07-16,109.8118,110.2532,109.4487,110.2294,1305406.0
2021-07-19,110.2294,110.8413,108.3989,108.9374,1214308.0
2021-07-20,108.9374,108.945,106.8582,107.123,1728383.0
2021-07-21,107.123,107.2058,104.6946,104.8345,1231339.0
2021-07-22,104.8345,105.3175,104.3863,105.252,1127883.0
2021-07-23,105.252,106.3186,104.9952,105.7646,1441133.0
2021-07-26,105.7646,106.6006,105.3152,105.536,1024477.0
2021-07-27,105.536,105.9299,104.2426,104.4397,1305066.0
2021-07-28,104.4397,104.7531,104.0733,104.3569,1141950.0
2021-07-29,104.3569,104.7408,103.0764,103.0854,1600678.0
2021-07-30,103.0854,104.0097,102.77,103.6981,1121842.0
2021-08-02,103.6981,104.3254,103.2127,103.8392,1032575.0
2021-08-03,103.8392,103.9231,103.2993,103.7629,1120101.0
2021-08-04,103.7629,104.692,103.6824,104.6315,1077120.0
2021-08-05,104.6315,104.6592,101.7957,102.0562,1278952.0
2021-08-06,102.0562,102.237,99.0165,99.7657,1261037.0
2021-08-09,99.7657,100.4369,99.2311,99.4991,1226486.0
2021-08-10,99.4991,99.611,98.6628,98.8087,1038483.0
2021-08-11,98.8087,98.8267,96.597,96.8131,1886134.0
2021-08-12,96.8131,96.9895,96.2031,96.585,1046810.0
2021-08-13,96.585,97.2367,95.9841,96.8979,1188302.0
2021-08-16,96.8979,97.7947,96.7799,97.3538,1000045.0
2021-08-17,97.3538,98.3262,96.9293,98.0584,1054445.0
2021-08-18,98.0584,98.3508,96.7141,96.9656,1364793.0
2021-08-19,96.9656,99.8729,96.9437,98.8428,1252422.0
2021-08-20,98.8428,99.4783,97.1113,97.7126,1095091.0
2021-08-23,97.7126,98.3966,96.675,97.0684,1330499.0
2021-08-24,97.0684,98.6834,96.8877,98.6177,1461614.0
2021-08-25,98.6177,98.7025,97.5163,98.533,1124613.0
2021-08-26,98.533,99.643,97.9764,98.9726,1224787.0
2021-08-27,98.9726,99.0939,97.987,98.3639,1302357.0
2021-08-30,98.3639,98.9331,98.3219,98.7454,1068904.0
2021-08-31,98.7454,99.3682,98.4051,99.3069,1030900.0
2021-09-01,99.3069,100.887,98.7268,100.3862,1276599.0
2021-09-02,100.3862,102.9529,100.3734,102.554,1107161.0
2021-09-03,102.554,103.3315,102.2794,103.117,1393767.0
2021-09-06,103.117,103.174,101.6596,102.0775,1586031.0
2021-09-07,102.0775,102.397,101.3807,101.47,1474733.0
2021-09-08,101.47,101.959,100.1252,100.3272,1125036.0
2021-09-09,100.3272,100.8939,100.1577,100.3809,1795919.0
2021-09-10,100.3809,100.6978,99.9418,100.1078,1451970.0
2021-09-13,100.1078,100.4462,99.0233,99.6728,1216244.0
2021-09-14,99.6728,99.8739,99.43,99.6032,1262573.0
2021-09-15,99.6032,101.9072,98.9123,101.8137,1152528.0
2021-09-16,101.8137,102.1383,101.4973,101.5811,1269660.0
2021-09-17,101.5811,101.6918,100.4554,100.7238,1026420.0
2021-09-20,100.7238,100.9487,97.9449,98.0156,1153793.0
2021-09-21,98.0156,98.362,96.8392,96.8666,1446118.0
2021-09-22,96.8666,96.9736,94.8881,95.2604,1100337.0
2021-09-23,95.2604,95.4322,95.1672,95.1723,1030319.0
2021-09-24,95.1723,95.4448,91.9714,92.6942,1387317.0
2021-09-27,92.6942,93.923,92.3958,93.6278,1734594.0
2021-09-28,93.6278,94.1144,92.8117,92.9465,1071010.0
2021-09-29,92.9465,93.1532,91.5867,91.7316,1694733.0
2021-09-30,91.7316,92.4527,91.5631,92.3339,1125768.0
2021-10-01,92.3339,96.3087,91.9893,95.6745,1211562.0
2021-10-04,95.6745,98.792,94.9744,98.4013,1275109.0
2021-10-05,98.4013,99.9784,97.5236,99.9482,1534596.0
2021-10-06,99.9482,101.1219,98.7453,99.1914,1094086.0
2021-10-07,99.1914,101.6611,98.9369,101.3631,1039189.0
2021-10-08,101.3631,102.0917,101.0608,101.9338,1059068.0
2021-10-11,101.9338,103.3519,101.8,102.7339,1375894.0
2021-10-12,102.7339,103.0446,102.1919,102.7895,1502627.0
2021-10-13,102.7895,103.9415,102.2665,103.5004,1231349.0
2021-10-14,103.5004,104.0032,103.361,103.7936,1202733.0
2021-10-15,103.7936,104.0971,103.7282,103.7525,1744357.0
2021-10-18,103.7525,104.3823,102.5345,103.1337,1031365.0
2021-10-19,103.1337,103.272,102.7386,102.9984,1173711.0
2021-10-20,102.9984,103.271,101.3068,101.8088,1286459.0
2021-10-21,101.8088,101.9976,101.3072,101.6009,1126161.0
2021-10-22,101.6009,101.7895,100.8211,100.9767,1128736.0
2021-10-25,100.9767,101.5277,100.5331,100.9734,1191047.0
2021-10-26,100.9734,101.0648,99.3704,99.514,1180669.0
2021-10-27,99.514,100.2334,99.399,99.5658,1088700.0
2021-10-28,99.5658,99.7698,97.3805,97.8253,1182213.0
2021-10-29,97.8253,99.4027,97.3153,99.2136,1013485.0
2021-11-01,99.2136,100.1463,99.0179,99.8583,1019010.0
2021-11-02,99.8583,100.8268,99.4568,100.3167,1193895.0
2021-11-03,100.3167,101.2272,99.8749,100.8138,1027556.0
2021-11-04,100.8138,102.2554,100.5875,102.094,1450467.0
2021-11-05,102.094,102.5513,100.3098,100.3237,1394106.0
2021-11-08,100.3237,101.5105,99.1393,101.4058,1375000.0
2021-11-09,101.4058,101.9095,101.3116,101.848,1030796.0
2021-11-10,101.848,102.2258,99.9998,100.1099,1826412.0
2021-11-11,100.1099,100.4417,98.9765,99.3664,1013217.0
2021-11-12,99.3664,101.8039,98.9388,101.1599,1320128.0
2021-11-15,101.1599,101.5882,100.1732,100.3847,1227947.0
2021-11-16,100.3847,101.5065,99.7475,101.0545,1087233.0
2021-11-17,101.0545,101.1252,100.7177,101.092,1035954.0
2021-11-18,101.092,101.5416,99.676,100.4088,1111334.0
2021-11-19,100.4088,100.8166,100.2571,100.4463,1697111.0
2021-11-22,100.4463,100.6405,100.2214,100.3742,1291168.0
2021-11-23,100.3742,101.4768,100.1027,100.6459,1020004.0
2021-11-24,100.6459,100.9828,100.1331,100.9203,1269586.0
2021-11-25,100.9203,103.041,100.6792,102.8375,1126324.0
2021-11-26,102.8375,104.1693,102.3808,103.3612,1123351.0
2021-11-29,103.3612,104.0987,102.783,102.8247,1261154.0
2021-11-30,102.8247,103.1794,101.1921,101.3397,1229620.0
2021-12-01,101.3397,102.9422,101.2776,102.4704,1249448.0
2021-12-02,102.4704,105.6524,101.8134,105.2691,1453192.0
2021-12-03,105.2691,105.5853,103.2356,104.3531,1022103.0
2021-12-06,104.3531,106.3448,104.2715,106.1176,1256216.0
2021-12-07,106.1176,106.2387,105.008,105.5127,1352210.0
2021-12-08,105.5127,105.6487,102.9016,103.1043,1446743.0
2021-12-09,103.1043,104.9351,102.1053,104.0675,1300407.0
2021-12-10,104.0675,104.1462,103.4487,103.4612,1202079.0
2021-12-13,103.4612,104.2063,101.6831,101.7859,1108294.0
2021-12-14,101.7859,102.0473,101.6096,101.68,1445952.0
2021-12-15,101.68,102.1785,99.4638,99.7197,1470222.0
2021-12-16,99.7197,100.2234,98.6972,99.4936,1078163.0
2021-12-17,99.4936,100.3594,97.1037,98.0218,1067890.0
2021-12-20,98.0218,98.659,97.5742,98.6125,1000921.0
2021-12-21,98.6125,99.2443,98.3655,98.7072,1639294.0
2021-12-22,98.7072,98.9265,96.4382,96.7881,1252534.0
2021-12-23,96.7881,97.0213,95.7842,96.2342,1028302.0
2021-12-24,96.2342,99.5542,95.5111,98.906,1109376.0
2021-12-27,98.906,100.1038,98.4699,99.9066,1198596.0
2021-12-28,99.9066,100.2686,99.8434,100.0474,1699350.0
2021-12-29,100.0474,100.2459,98.7665,98.9703,1219523.0
2021-12-30,98.9703,99.4839,96.7849,97.3527,1001920.0
2021-12-31,97.3527,97.6282,96.5737,97.0135,1704116.0
2022-01-03,97.0135,97.3638,95.8455,96.1821,1465126.0
2022-01-04,96.1821,97.6383,95.3263,97.0964,1049080.0
2022-01-05,97.0964,97.242,95.4109,95.5044,1028387.0
2022-01-06,95.5044,97.8687,95.1851,97.1002,1444189.0
2022-01-07,97.1002,97.4908,95.1406,95.2101,1466984.0
2022-01-10,95.2101,96.6096,94.8408,96.5832,1297538.0
2022-01-11,96.5832,97.0466,95.3601,95.801,1036557.0
2022-01-12,95.801,97.2955,95.3318,97.275,1027403.0
2022-01-13,97.275,98.3338,96.0916,96.7967,1059072.0
2022-01-14,96.7967,97.4197,95.6955,95.8494,1076654.0
2022-01-17,95.8494,96.5303,95.6821,96.4057,1342668.0
2022-01-18,96.4057,97.0686,96.1086,96.7885,1174938.0
2022-01-19,96.7885,97.0666,95.29,95.563,1013165.0
2022-01-20,95.563,96.242,94.2603,94.686,1487779.0
2022-01-21,94.686,94.9028,94.3373,94.7352,1261782.0
2022-01-24,94.7352,94.9192,94.5237,94.9012,1310936.0
2022-01-25,94.9012,95.1694,92.4212,93.0948,1238315.0
2022-01-26,93.0948,94.5047,92.8473,94.2442,1054625.0
2022-01-27,94.2442,96.4518,94.1291,95.861,1014205.0
2022-01-28,95.861,98.6247,95.4628,98.2214,1228404.0
2022-01-31,98.2214,101.083,97.8262,100.8926,1703608.0
2022-02-01,100.8926,101.2432,99.0924,99.1852,1294126.0
2022-02-02,99.1852,99.9431,99.1402,99.8326,1568142.0
2022-02-03,99.8326,100.3782,97.5721,97.8951,1438649.0
2022-02-04,97.8951,101.0748,97.8205,100.1528,1348978.0
2022-02-07,100.1528,100.5884,99.4466,100.5669,1220663.0
2022-02-08,100.5669,101.147,99.0895,99.4735,1084401.0
2022-02-09,99.4735,99.6332,99.2916,99.5366,1929493.0
2022-02-10,99.5366,99.5586,98.0479,98.4383,1115302.0
2022-02-11,98.4383,98.9616,97.2496,97.7155,1213601.0
2022-02-14,97.7155,98.8793,97.5187,98.2861,1085591.0
2022-02-15,98.2861,98.8273,97.8848,97.907,1261253.0
2022-02-16,97.907,98.0455,97.7746,98.0206,1264607.0
2022-02-17,98.0206,98.2281,97.7986,97.9625,1302452.0
2022-02-18,97.9625,98.0978,96.4917,96.8488,1046060.0
2022-02-21,96.8488,98.4693,96.6766,98.1766,1264153.0
2022-02-22,98.1766,98.5523,97.167,97.8929,1327478.0
2022-02-23,97.8929,101.2263,97.6782,100.602,1079903.0
2022-02-24,100.602,100.7518,99.9914,100.1389,1331832.0
2022-02-25,100.1389,101.5098,99.7334,101.3422,1164212.0
2022-02-28,101.3422,102.3272,101.3301,102.1825,1420100.0
2022-03-01,102.1825,102.3324,101.2596,101.5305,1159237.0
2022-03-02,101.5305,102.7062,100.9966,102.5896,1371275.0
2022-03-03,102.5896,102.9148,101.754,102.0775,1544773.0
2022-03-04,102.0775,102.7877,101.652,102.7519,1657233.0
2022-03-07,102.7519,103.4391,101.6966,103.0979,1174336.0
2022-03-08,103.0979,103.7119,102.0908,102.6276,1022190.0
2022-03-09,102.6276,103.1036,102.4612,102.7051,1273954.0
2022-03-10,102.7051,104.2752,102.2733,103.9238,1206341.0
2022-03-11,103.9238,104.4016,102.849,103.2889,1097153.0
2022-03-14,103.2889,103.7177,102.8027,102.9652,1445485.0
2022-03-15,102.9652,104.5826,102.5576,103.9104,1190680.0
2022-03-16,103.9104,104.1403,102.9544,103.31,1399321.0
2022-03-17,103.31,103.6062,102.8388,103.4488,1020012.0
2022-03-18,103.4488,103.7359,101.7207,102.2714,1220721.0
2022-03-21,102.2714,102.4673,99.6613,100.2023,1492485.0
2022-03-22,100.2023,100.3337,97.9728,98.5537,1261364.0
2022-03-23,98.5537,98.8624,97.8948,97.9659,1072047.0
2022-03-24,97.9659,99.8064,97.4369,99.7447,1295732.0
2022-03-25,99.7447,101.0969,99.4366,101.0053,1015374.0
2022-03-28,101.0053,101.038,99.1069,99.5628,1190247.0
2022-03-29,99.5628,99.6953,98.3875,98.4609,1395904.0
2022-03-30,98.4609,98.462,97.2129,97.3938,1021672.0
2022-03-31,97.3938,97.8951,94.1618,94.8341,1475138.0
2022-04-01,94.8341,95.7289,94.586,95.4723,1056574.0
2022-04-04,95.4723,95.5188,93.6574,94.1961,1175561.0
2022-04-05,94.1961,94.4851,93.7456,93.8141,1137868.0
2022-04-06,93.8141,95.2272,93.7147,94.7823,1161263.0
2022-04-07,94.7823,95.6763,94.6799,95.6474,1157641.0
2022-04-08,95.6474,96.0018,92.9306,92.9738,1303743.0
2022-04-11,92.9738,94.1221,92.8913,93.6312,1030204.0
2022-04-12,93.6312,93.7943,92.7791,93.0883,1162984.0
2022-04-13,93.0883,93.331,92.8843,92.8942,1545590.0
2022-04-14,92.8942,93.4561,92.7284,93.3898,1139049.0
2022-04-15,93.3898,93.7568,92.7816,92.8389,1595965.0
2022-04-18,92.8389,92.9308,90.8793,91.291,1236023.0
2022-04-19,91.291,91.4665,90.1606,90.4438,1343168.0
2022-04-20,90.4438,91.6492,90.2971,91.124,1395943.0
2022-04-21,91.124,91.7472,90.8943,91.6474,1172793.0
2022-04-22,91.6474,92.875,91.2667,92.3564,1021222.0
2022-04-25,92.3564,93.3603,92.1503,93.0812,1391961.0
2022-04-26,93.0812,93.5837,92.0692,92.5402,1000241.0
2022-04-27,92.5402,92.5534,91.7904,91.9494,1301862.0
2022-04-28,91.9494,93.0659,91.7505,92.95,1009782.0
2022-04-29,92.95,95.0032,92.5156,94.1135,1011979.0
2022-05-02,94.1135,94.4714,93.4331,93.6654,1293515.0
2022-05-03,93.6654,93.9751,93.6438,93.9284,1248755.0
2022-05-04,93.9284,94.3894,93.5257,93.7295,1288852.0
2022-05-05,93.7295,94.3677,93.4834,93.6582,1045203.0
2022-05-06,93.6582,95.572,93.499,95.1397,1256958.0
2022-05-09,95.1397,95.4051,95.047,95.3053,1370057.0
2022-05-10,95.3053,95.8664,94.9987,95.855,1438488.0
2022-05-11,95.855,97.253,94.2449,94.5778,1086275.0
2022-05-12,94.5778,95.4671,93.9242,95.0935,1019686.0
2022-05-13,95.0935,95.9762,94.7927,95.2831,1146292.0
2022-05-16,95.2831,95.8063,94.8024,94.9071,1141916.0
2022-05-17,94.9071,95.3845,94.5785,95.1349,1101611.0
2022-05-18,95.1349,95.5993,94.6139,94.8783,1418907.0
2022-05-19,94.8783,95.1685,93.9858,94.6776,1679439.0
2022-05-20,94.6776,94.8306,93.8328,94.4781,1122047.0
2022-05-23,94.4781,98.1874,94.346,97.591,1115891.0
2022-05-24,97.591,98.424,97.4149,98.202,1546848.0
2022-05-25,98.202,98.9384,97.6875,98.3491,1026061.0
2022-05-26,98.3491,98.7532,97.6939,98.2256,1126304.0
2022-05-27,98.2256,98.7446,97.9098,98.6253,1023728.0
2022-05-30,98.6253,99.8403,98.2911,99.6913,1082142.0
2022-05-31,99.6913,101.7855,99.6213,101.7746,1483248.0
2022-06-01,101.7746,101.9298,99.9609,100.0519,1084383.0
2022-06-02,100.0519,100.1122,99.0024,99.25,1088560.0
2022-06-03,99.25,99.9902,98.7375,99.01,1335643.0
2022-06-06,99.01,99.1943,97.4478,97.7769,1377891.0
2022-06-07,97.7769,98.3631,97.6852,98.3092,1325311.0
2022-06-08,98.3092,100.5396,98.2957,99.9839,1003978.0
2022-06-09,99.9839,100.8534,99.9038,100.7827,1147841.0
2022-06-10,100.7827,100.9746,100.0915,100.3846,1098489.0
2022-06-13,100.3846,100.6363,99.2895,99.8886,1468055.0
2022-06-14,99.8886,100.8666,99.6769,100.5182,1437160.0
2022-06-15,100.5182,101.2987,100.5129,100.7135,1013399.0
2022-06-16,100.7135,100.7447,100.0055,100.0956,1447809.0
2022-06-17,100.0956,102.0017,99.6075,101.965,1815295.0
2022-06-20,101.965,102.0669,101.0501,101.41,1126930.0
2022-06-21,101.41,101.5972,101.0378,101.362,1570588.0
2022-06-22,101.362,103.2848,101.3577,102.7473,1160341.0
2022-06-23,102.7473,103.462,102.6947,103.4518,1007457.0
2022-06-24,103.4518,103.8124,102.5871,102.6867,1415627.0
2022-06-27,102.6867,103.7914,102.3706,103.4444,1548229.0
2022-06-28,103.4444,104.0528,103.436,103.9537,1400328.0
2022-06-29,103.9537,104.6654,101.4943,101.5822,1151320.0
2022-06-30,101.5822,101.7502,100.9972,101.5163,1133713.0
2022-07-01,101.5163,101.9577,99.6022,99.8855,1541965.0
2022-07-04,99.8855,100.1695,98.8812,99.3527,1039852.0
2022-07-05,99.3527,99.6917,98.5531,99.359,1215462.0
2022-07-06,99.359,100.8485,99.0039,100.7162,1229673.0
2022-07-07,100.7162,100.9911,98.3451,99.5054,1123365.0
2022-07-08,99.5054,100.1926,99.1745,100.1067,1298376.0
2022-07-11,100.1067,100.5609,98.8405,98.9191,1743286.0
2022-07-12,98.9191,99.0387,98.6379,98.9666,1096316.0
2022-07-13,98.9666,99.4276,98.8516,99.3928,1345787.0
2022-07-14,99.3928,99.7317,97.9127,98.4408,1236476.0
2022-07-15,98.4408,99.9783,98.204,99.7334,1161138.0
2022-07-18,99.7334,100.1773,99.0179,99.2269,1521673.0
2022-07-19,99.2269,99.3164,97.5976,98.0922,1425173.0
2022-07-20,98.0922,98.224,97.7282,97.9291,1460417.0
2022-07-21,97.9291,98.2914,97.5707,98.1799,1165151.0
2022-07-22,98.1799,98.3353,96.4226,96.6541,1459752.0
2022-07-25,96.6541,96.8488,96.482,96.6391,1450269.0
2022-07-26,96.6391,98.9683,95.9705,98.1364,1075538.0
2022-07-27,98.1364,98.3697,97.5486,98.026,1374232.0
2022-07-28,98.026,98.8382,97.7442,97.757,1072571.0
2022-07-29,97.757,98.3976,97.1888,98.1048,1184991.0
2022-08-01,98.1048,98.1776,97.3518,97.7066,1078753.0
2022-08-02,97.7066,97.7078,96.0103,96.2093,1170117.0
2022-08-03,96.2093,97.7389,96.1622,97.4322,1212887.0
2022-08-04,97.4322,97.4387,96.9118,97.1014,1170452.0
2022-08-05,97.1014,97.1687,95.4719,95.9937,1561697.0
2022-08-08,95.9937,97.3105,95.4528,96.9266,1253698.0
2022-08-09,96.9266,97.0924,95.5194,96.0497,1240504.0
2022-08-10,96.0497,96.2031,95.6909,96.0071,1253928.0
2022-08-11,96.0071,96.7579,95.6441,96.6175,1798086.0
2022-08-12,96.6175,97.0986,96.3102,97.0569,1053163.0
2022-08-15,97.0569,97.9463,97.0105,97.6584,1012426.0
2022-08-16,97.6584,98.6199,97.4771,98.1383,1395075.0
2022-08-17,98.1383,98.2564,95.9574,96.622,1021533.0
2022-08-18,96.622,98.2676,96.603,97.4788,1224494.0
2022-08-19,97.4788,98.7153,97.4405,98.699,1275105.0
2022-08-22,98.699,100.706,98.6787,100.013,1004919.0
2022-08-23,100.013,100.6627,98.723,98.7494,1139120.0
2022-08-24,98.7494,98.8036,97.7729,97.9103,1005279.0
2022-08-25,97.9103,99.7946,97.1739,99.7825,1373230.0
2022-08-26,99.7825,101.2553,99.6654,100.9611,1275917.0
2022-08-29,100.9611,101.5123,100.7827,101.4851,1090757.0
2022-08-30,101.4851,101.855,101.0901,101.7098,1132506.0
2022-08-31,101.7098,102.6721,101.6854,102.6048,1260343.0
2022-09-01,102.6048,103.8346,102.5718,103.2257,1261388.0
2022-09-02,103.2257,103.3868,102.9689,103.1792,1499135.0
2022-09-05,103.1792,103.3009,102.3442,102.5797,1288596.0
2022-09-06,102.5797,102.8615,101.0609,101.3306,1045107.0
2022-09-07,101.3306,101.6276,100.8365,101.0091,1120211.0
2022-09-08,101.0091,101.7049,100.1046,100.1423,1081330.0
2022-09-09,100.1423,101.0208,99.888,100.7128,1122883.0
2022-09-12,100.7128,101.0935,99.7016,99.8385,1208941.0
2022-09-13,99.8385,100.1649,99.4771,100.159,1186042.0
2022-09-14,100.159,100.4718,99.4563,100.168,1127925.0
2022-09-15,100.168,100.355,99.6164,100.3071,1747184.0
2022-09-16,100.3071,102.4105,99.9139,101.8549,1304402.0
2022-09-19,101.8549,102.2796,100.8419,100.8828,1548295.0
2022-09-20,100.8828,101.3611,100.5254,101.3409,1186749.0
2022-09-21,101.3409,103.8305,101.1669,103.1822,1236480.0
2022-09-22,103.1822,104.6534,102.9166,104.5302,1340970.0
2022-09-23,104.5302,105.478,103.9071,105.0986,1083782.0
2022-09-26,105.0986,105.7881,104.9675,105.5284,1224384.0
2022-09-27,105.5284,105.8747,105.2962,105.7996,1153398.0
2022-09-28,105.7996,106.2183,105.3128,105.4549,1033323.0
2022-09-29,105.4549,105.6801,105.0746,105.3481,1592334.0
2022-09-30,105.3481,105.4441,103.3706,103.6081,1505537.0
2022-10-03,103.6081,105.8429,103.279,105.7938,1291226.0
2022-10-04,105.7938,105.8836,102.6159,103.0245,1004473.0
2022-10-05,103.0245,103.8357,102.855,103.5076,1625917.0
2022-10-06,103.5076,103.747,102.9999,103.6053,1019591.0
2022-10-07,103.6053,105.7861,103.4174,104.1459,1022430.0
2022-10-10,104.1459,104.4194,103.2489,103.6232,1612500.0
2022-10-11,103.6232,108.0564,103.47,107.5599,1570112.0
2022-10-12,107.5599,108.3223,107.118,107.9359,1490811.0
2022-10-13,107.9359,109.2558,107.7049,108.7347,1435362.0
2022-10-14,108.7347,109.0778,108.4119,109.0241,1693594.0
2022-10-17,109.0241,109.2425,107.011,107.4949,1825946.0
2022-10-18,107.4949,108.9641,107.3139,108.6216,1324656.0
2022-10-19,108.6216,109.6145,108.5182,109.4434,1359788.0
2022-10-20,109.4434,112.4061,109.3739,112.4018,1151326.0
2022-10-21,112.4018,113.3876,111.5801,111.8009,1220074.0
2022-10-24,111.8009,113.6725,111.1313,113.5897,1257268.0
2022-10-25,113.5897,115.9058,113.1636,115.1543,1071174.0
2022-10-26,115.1543,116.6395,114.8399,116.4727,1150790.0
2022-10-27,116.4727,117.2387,115.6898,117.0315,1168390.0
2022-10-28,117.0315,119.1944,116.4665,119.0258,1701916.0
2022-10-31,119.0258,120.0523,117.8322,117.9094,1207507.0
2022-11-01,117.9094,118.0647,116.9378,117.1881,1429301.0
2022-11-02,117.1881,119.3449,116.1042,118.7941,1231231.0
2022-11-03,118.7941,119.7556,115.1431,115.2586,1016705.0
2022-11-04,115.2586,115.8818,112.4759,112.788,1042943.0
2022-11-07,112.788,113.2123,109.4356,109.8968,1383601.0
2022-11-08,109.8968,111.4504,109.4454,110.2012,1543080.0
2022-11-09,110.2012,112.3587,109.6109,111.9864,1480108.0
2022-11-10,111.9864,112.1021,111.0121,111.0125,1112411.0
2022-11-11,111.0125,111.2247,110.5696,111.0081,1002385.0
2022-11-14,111.0081,112.172,110.2606,110.6467,1232001.0
2022-11-15,110.6467,111.0307,109.0595,109.4617,1203990.0
